Step,MidPrice,Quote_Bid,Quote_Ask,Action,Trade_Qty,Inventory,Cash,Total_PnL
1,99.643,98.985,100.301,BOTH,18,0,10011.84,11.84
2,99.837,99.179,100.495,BOTH,6,0,10015.79,15.79
3,99.511,98.853,100.169,SELL,10,-10,11017.48,22.37
4,99.327,98.920,100.235,BOTH,18,-10,11029.32,36.05
5,99.094,98.686,100.002,NONE,0,-10,11029.32,36.05
6,99.015,98.607,99.923,NONE,0,-10,11029.32,36.05
7,99.313,98.905,100.221,BOTH,4,-10,11031.95,38.82
8,99.793,99.385,100.701,BUY,2,-8,10833.18,34.84
9,99.701,99.243,100.559,BUY,4,-4,10436.21,37.41
10,100.170,99.612,100.928,BOTH,18,-4,10448.05,47.37
11,100.206,99.648,100.964,NONE,0,-4,10448.05,47.37
12,99.745,99.187,100.503,BOTH,14,-4,10457.26,58.28
13,99.906,99.348,100.663,BUY,1,-3,10357.91,58.20
14,100.112,99.529,100.845,NONE,0,-3,10357.91,58.20
15,100.354,99.771,101.087,NONE,0,-3,10357.91,58.20
16,100.430,99.847,101.163,BUY,8,5,9559.14,61.29
17,100.595,99.812,101.128,SELL,6,-1,10165.91,65.31
18,100.734,100.101,101.417,BUY,1,0,10065.81,65.81
19,101.195,100.537,101.853,SELL,8,-8,10880.63,71.07
20,101.599,101.142,102.457,BUY,6,-2,10273.78,70.58
21,101.918,101.310,102.626,NONE,0,-2,10273.78,70.58
22,102.349,101.741,103.057,BUY,10,8,9256.36,75.16
23,102.201,101.344,102.659,NONE,0,8,9256.36,75.16
24,101.736,100.878,102.193,SELL,1,7,9358.56,70.71
25,101.459,100.626,101.942,SELL,9,-2,10276.03,73.12
26,101.082,100.474,101.790,SELL,10,-12,11293.93,80.95
27,100.723,100.365,101.681,NONE,0,-12,11293.93,80.95
28,101.109,100.751,102.067,BUY,5,-7,10790.18,82.41
29,100.842,100.359,101.675,BUY,2,-5,10589.46,85.25
30,100.874,100.341,101.657,SELL,9,-14,11504.37,92.13
31,101.012,100.705,102.020,BUY,7,-7,10799.44,92.35
32,100.956,100.473,101.789,BOTH,10,-7,10806.02,99.33
33,100.457,99.974,101.290,BUY,4,-3,10406.12,104.75
34,100.045,99.462,100.778,NONE,0,-3,10406.12,104.75
35,100.254,99.671,100.987,BUY,6,3,9808.10,108.86
36,100.391,99.658,100.974,NONE,0,3,9808.10,108.86
37,100.689,99.956,101.271,BOTH,2,3,9809.41,111.48
38,100.256,99.523,100.839,NONE,0,3,9809.41,111.48
39,99.850,99.117,100.433,SELL,8,-5,10612.87,113.63
40,99.449,98.917,100.232,NONE,0,-5,10612.87,113.63
41,99.920,99.387,100.703,BUY,10,5,9619.01,118.61
42,99.873,99.090,100.406,SELL,8,-3,10422.25,122.63
43,99.382,98.799,100.115,SELL,4,-7,10822.71,127.04
44,99.825,99.342,100.657,NONE,0,-7,10822.71,127.04
45,100.063,99.580,100.896,NONE,0,-7,10822.71,127.04
46,99.687,99.204,100.520,NONE,0,-7,10822.71,127.04
47,100.001,99.518,100.834,SELL,4,-11,11226.05,126.04
48,99.800,99.417,100.733,BUY,6,-5,10629.54,130.54
49,99.456,98.923,100.238,BUY,1,-4,10530.62,132.80
50,99.845,99.287,100.603,BOTH,14,-4,10539.83,140.45
51,100.001,99.443,100.759,NONE,0,-4,10539.83,140.45
52,100.198,99.640,100.956,NONE,0,-4,10539.83,140.45
53,100.525,99.967,101.283,NONE,0,-4,10539.83,140.45
54,100.800,100.242,101.558,NONE,0,-4,10539.83,140.45
55,101.138,100.580,101.896,NONE,0,-4,10539.83,140.45
56,101.001,100.443,101.759,NONE,0,-4,10539.83,140.45
57,101.485,100.927,102.243,BUY,5,1,10035.20,136.68
58,101.893,101.210,102.526,NONE,0,1,10035.20,136.68
59,101.481,100.798,102.114,NONE,0,1,10035.20,136.68
60,101.437,100.754,102.070,NONE,0,1,10035.20,136.68
61,101.119,100.436,101.752,BUY,1,2,9934.76,137.00
62,101.288,100.581,101.896,SELL,8,-6,10749.93,142.20
63,101.702,101.195,102.510,BUY,7,1,10041.57,143.27
64,101.985,101.302,102.618,NONE,0,1,10041.57,143.27
65,101.921,101.239,102.554,SELL,8,-7,10862.00,148.55
66,101.619,101.136,102.452,BOTH,6,-7,10865.95,154.62
67,101.979,101.496,102.812,BUY,7,0,10155.48,155.48
68,101.877,101.219,102.535,SELL,3,-3,10463.08,157.45
69,101.436,100.853,102.169,NONE,0,-3,10463.08,157.45
70,101.376,100.793,102.109,BUY,3,0,10160.70,160.70
71,101.782,101.124,102.440,NONE,0,0,10160.70,160.70
72,101.620,100.962,102.278,SELL,5,-5,10672.09,163.99
73,101.255,100.722,102.038,BOTH,6,-5,10676.04,169.76
74,101.464,100.931,102.247,BOTH,8,-5,10681.30,173.98
75,101.505,100.972,102.288,BUY,10,5,9671.57,179.10
76,101.154,100.371,101.687,NONE,0,5,9671.57,179.10
77,101.644,100.861,102.177,BUY,5,10,9167.27,183.71
78,102.086,101.178,102.494,NONE,0,10,9167.27,183.71
79,102.061,101.153,102.469,SELL,1,9,9269.74,188.28
80,101.626,100.743,102.059,NONE,0,9,9269.74,188.28
81,102.058,101.175,102.490,NONE,0,9,9269.74,188.28
82,101.823,100.940,102.255,SELL,2,7,9474.25,187.00
83,101.928,101.095,102.411,BOTH,2,7,9475.56,189.06
84,101.662,100.829,102.145,BOTH,10,7,9482.14,193.78
85,101.581,100.749,102.064,BUY,7,14,8776.90,199.04
86,101.324,100.316,101.632,SELL,8,6,9589.96,197.90
87,101.594,100.786,102.102,BUY,10,16,8582.10,207.60
88,101.624,100.566,101.881,BOTH,2,16,8583.42,209.39
89,102.092,101.034,102.350,NONE,0,16,8583.42,209.39
90,102.542,101.484,102.800,SELL,7,9,9303.01,225.89
91,102.407,101.524,102.840,SELL,6,3,9920.05,227.27
92,102.884,102.151,103.466,SELL,5,-2,10437.38,231.62
93,102.616,102.008,103.323,BUY,4,2,10029.35,234.58
94,102.651,101.943,103.259,NONE,0,2,10029.35,234.58
95,102.173,101.465,102.780,SELL,7,-5,10748.82,237.95
96,102.143,101.610,102.926,NONE,0,-5,10748.82,237.95
97,102.142,101.609,102.925,BUY,3,-2,10443.99,239.70
98,102.471,101.863,103.178,BOTH,4,-2,10446.62,241.68
99,102.271,101.663,102.979,BUY,6,4,9836.64,245.72
100,101.992,101.234,102.550,SELL,7,-3,10554.49,248.51
